{"cameraMode":{"drawMode":1,"name":"Wireframe","section":"Shading Mode"},"sceneLighting":true,"audioPlay":false,"sceneViewState":{"showFog":true,"showMaterialUpdate":false,"showSkybox":true,"showFlares":true,"showImageEffects":true,"showParticleSystems":true},"in2DMode":false,"pivot":{"x":23.97513198852539,"y":-41.58195877075195,"z":42.758148193359378},"rotation":{"x":0.23990128934383393,"y":-0.19641481339931489,"z":0.04963039979338646,"w":0.9494246244430542},"size":102.89042663574219,"orthographic":false}