{"cameraMode":{"drawMode":0,"name":"Shaded","section":"Shading Mode"},"sceneLighting":false,"audioPlay":false,"sceneViewState":{"showFog":true,"showMaterialUpdate":false,"showSkybox":false,"showFlares":true,"showImageEffects":true,"showParticleSystems":true},"in2DMode":false,"pivot":{"x":-0.80078125,"y":2.6676907539367677,"z":0.8340237140655518},"rotation":{"x":-0.0808674544095993,"y":0.8948619961738586,"z":-0.1809309720993042,"w":-0.39994770288467409},"size":9.993226051330567,"orthographic":true}